ano,departamento,municipio,area_sembrada_ha,area_cosechada_ha,produccion_ton,rendimiento_ton_ha,precipitacion_mm,temperatura_c,rendimiento_lag1,rendimiento_lag2,rendimiento_media_movil_3y,tendencia_rendimiento_3y,precipitacion_total_mm,anomalia_precipitacion,anomalia_temperatura,ratio_area_cosechada_sembrada,fuente
2020,HUILA,ACEVEDO,840.8,818.6,749.5,0.916,1783.4,21.88,0.901,,0.901,,1783.4,146.75,0.4816666666666656,0.9735965746907708,SINTETICO_DEMO_NO_USAR_EN_ENTREGA_FINAL
2021,HUILA,ACEVEDO,865.2,747.5,693.7,0.928,1650.1,20.66,0.916,0.901,0.9085000000000001,,1650.1,13.449999999999818,-0.7383333333333333,0.863962089690245,SINTETICO_DEMO_NO_USAR_EN_ENTREGA_FINAL
2022,HUILA,ACEVEDO,752.0,684.0,703.0,1.028,1397.0,21.52,0.928,0.916,0.915,0.009000000000000008,1397.0,-239.6500000000001,0.12166666666666615,0.9095744680851063,SINTETICO_DEMO_NO_USAR_EN_ENTREGA_FINAL
2023,HUILA,ACEVEDO,737.9,714.1,768.8,1.077,1389.6,21.88,1.028,0.928,0.9573333333333333,0.03733333333333333,1389.6,-247.05000000000018,0.4816666666666656,0.9677463070876813,SINTETICO_DEMO_NO_USAR_EN_ENTREGA_FINAL
2024,HUILA,ACEVEDO,760.7,668.0,697.1,1.044,1821.3,20.78,1.077,1.028,1.0110000000000001,0.04966666666666664,1821.3,184.64999999999986,-0.6183333333333323,0.878138556592612,SINTETICO_DEMO_NO_USAR_EN_ENTREGA_FINAL
2020,ANTIOQUIA,ANDES,916.7,805.9,830.3,1.03,2369.0,19.55,0.911,,0.911,,2369.0,284.3833333333332,-1.1166666666666671,0.8791316679393476,SINTETICO_DEMO_NO_USAR_EN_ENTREGA_FINAL
2021,ANTIOQUIA,ANDES,898.4,860.2,880.9,1.024,2196.6,20.71,1.03,0.911,0.9705,,2196.6,111.98333333333312,0.043333333333333,0.957479964381122,SINTETICO_DEMO_NO_USAR_EN_ENTREGA_FINAL
2022,ANTIOQUIA,ANDES,871.4,826.8,794.8,0.961,2180.0,21.87,1.024,1.03,0.9883333333333333,0.03766666666666666,2180.0,95.38333333333321,1.2033333333333331,0.9488179940325911,SINTETICO_DEMO_NO_USAR_EN_ENTREGA_FINAL
2023,ANTIOQUIA,ANDES,803.4,715.6,788.5,1.102,2066.5,20.92,0.961,1.024,1.0050000000000001,-0.02300000000000002,2066.5,-18.116666666666788,0.25333333333333385,0.8907144635299976,SINTETICO_DEMO_NO_USAR_EN_ENTREGA_FINAL
2024,ANTIOQUIA,ANDES,930.9,843.8,725.2,0.859,1801.9,20.79,1.102,0.961,1.029,0.026000000000000023,1801.9,-282.7166666666667,0.1233333333333313,0.9064346331507144,SINTETICO_DEMO_NO_USAR_EN_ENTREGA_FINAL
2020,NARIÑO,ARBOLEDA,1204.3,1030.4,983.3,0.954,1623.9,18.83,0.993,,0.993,,1623.9,162.4666666666667,-0.03500000000000014,0.8556007639292537,SINTETICO_DEMO_NO_USAR_EN_ENTREGA_FINAL
2021,NARIÑO,ARBOLEDA,1273.5,1097.8,1047.7,0.954,1396.7,18.9,0.954,0.993,0.9735,,1396.7,-64.73333333333335,0.03500000000000014,0.8620337652139772,SINTETICO_DEMO_NO_USAR_EN_ENTREGA_FINAL
2022,NARIÑO,ARBOLEDA,1150.9,1092.4,990.1,0.906,1522.0,18.95,0.954,0.954,0.967,-0.013000000000000012,1522.0,60.566666666666606,0.08500000000000085,0.9491702146146495,SINTETICO_DEMO_NO_USAR_EN_ENTREGA_FINAL
2023,NARIÑO,ARBOLEDA,1141.2,1050.0,972.0,0.926,1415.5,18.08,0.906,0.954,0.9380000000000001,-0.015999999999999976,1415.5,-45.933333333333394,-0.7850000000000001,0.9200841219768664,SINTETICO_DEMO_NO_USAR_EN_ENTREGA_FINAL
2024,NARIÑO,ARBOLEDA,1176.5,1133.3,1000.4,0.883,1390.0,19.71,0.926,0.906,0.9286666666666666,-0.009333333333333305,1390.0,-71.4333333333334,0.8450000000000024,0.9632809179770505,SINTETICO_DEMO_NO_USAR_EN_ENTREGA_FINAL
2020,BOYACA,BOYACA-M1,812.4,711.5,703.5,0.989,1626.9,20.57,0.942,,0.942,,1626.9,-111.59999999999991,0.5016666666666687,0.8758000984736584,SINTETICO_DEMO_NO_USAR_EN_ENTREGA_FINAL
2021,BOYACA,BOYACA-M1,836.9,741.1,727.4,0.981,1774.2,19.96,0.989,0.942,0.9655,,1774.2,35.700000000000045,-0.10833333333333073,0.8855299318915044,SINTETICO_DEMO_NO_USAR_EN_ENTREGA_FINAL
2022,BOYACA,BOYACA-M1,974.4,864.1,744.9,0.862,1529.6,19.01,0.981,0.989,0.9706666666666667,0.013000000000000012,1529.6,-208.9000000000001,-1.05833333333333,0.8868021346469622,SINTETICO_DEMO_NO_USAR_EN_ENTREGA_FINAL
2023,BOYACA,BOYACA-M1,875.9,830.3,799.5,0.963,2027.3,21.29,0.862,0.981,0.944,-0.042333333333333334,2027.3,288.79999999999995,1.2216666666666676,0.947939262472885,SINTETICO_DEMO_NO_USAR_EN_ENTREGA_FINAL
2024,BOYACA,BOYACA-M1,849.5,808.1,810.5,1.003,1640.9,19.29,0.963,0.862,0.9353333333333333,-0.006000000000000005,1640.9,-97.59999999999991,-0.7783333333333324,0.9512654502648618,SINTETICO_DEMO_NO_USAR_EN_ENTREGA_FINAL
2020,BOYACA,BOYACA-M2,950.4,835.6,877.4,1.05,1626.9,20.57,0.966,,0.966,,1626.9,-111.59999999999991,0.5016666666666687,0.8792087542087542,SINTETICO_DEMO_NO_USAR_EN_ENTREGA_FINAL
2021,BOYACA,BOYACA-M2,935.3,842.5,826.9,0.981,1774.2,19.96,1.05,0.966,1.008,,1774.2,35.700000000000045,-0.10833333333333073,0.9007804982358601,SINTETICO_DEMO_NO_USAR_EN_ENTREGA_FINAL
2022,BOYACA,BOYACA-M2,858.0,807.2,748.5,0.927,1529.6,19.01,0.981,1.05,0.999,0.0050000000000000044,1529.6,-208.9000000000001,-1.05833333333333,0.9407925407925408,SINTETICO_DEMO_NO_USAR_EN_ENTREGA_FINAL
2023,BOYACA,BOYACA-M2,920.9,797.4,749.0,0.939,2027.3,21.29,0.927,0.981,0.9859999999999999,-0.041,2027.3,288.79999999999995,1.2216666666666676,0.8658920621131502,SINTETICO_DEMO_NO_USAR_EN_ENTREGA_FINAL
2024,BOYACA,BOYACA-M2,917.2,793.0,795.4,1.003,1640.9,19.29,0.939,0.927,0.949,-0.014000000000000012,1640.9,-97.59999999999991,-0.7783333333333324,0.8645878761447885,SINTETICO_DEMO_NO_USAR_EN_ENTREGA_FINAL
2020,NARIÑO,BUESACO,949.7,882.5,924.0,1.047,1623.9,18.83,0.925,,0.925,,1623.9,162.4666666666667,-0.03500000000000014,0.9292408128882804,SINTETICO_DEMO_NO_USAR_EN_ENTREGA_FINAL
2021,NARIÑO,BUESACO,917.8,830.0,727.1,0.876,1396.7,18.9,1.047,0.925,0.986,,1396.7,-64.73333333333335,0.03500000000000014,0.9043364567443888,SINTETICO_DEMO_NO_USAR_EN_ENTREGA_FINAL
2022,NARIÑO,BUESACO,836.5,791.2,702.1,0.887,1522.0,18.95,0.876,1.047,0.9493333333333333,-0.01633333333333335,1522.0,60.566666666666606,0.08500000000000085,0.9458457860131501,SINTETICO_DEMO_NO_USAR_EN_ENTREGA_FINAL
2023,NARIÑO,BUESACO,868.5,761.5,719.0,0.944,1415.5,18.08,0.887,0.876,0.9366666666666666,-0.05333333333333331,1415.5,-45.933333333333394,-0.7850000000000001,0.8767990788716177,SINTETICO_DEMO_NO_USAR_EN_ENTREGA_FINAL
2024,NARIÑO,BUESACO,914.0,809.7,738.4,0.912,1390.0,19.71,0.944,0.887,0.9023333333333333,0.02266666666666665,1390.0,-71.4333333333334,0.8450000000000024,0.8858862144420132,SINTETICO_DEMO_NO_USAR_EN_ENTREGA_FINAL
2020,VALLE DEL CAUCA,CAICEDONIA,974.5,954.7,766.7,0.803,2134.9,20.84,0.941,,0.941,,2134.9,69.9666666666667,-0.086666666666666,0.9796818881477681,SINTETICO_DEMO_NO_USAR_EN_ENTREGA_FINAL
2021,VALLE DEL CAUCA,CAICEDONIA,900.2,867.0,781.0,0.901,1998.6,20.91,0.803,0.941,0.872,,1998.6,-66.33333333333348,-0.01666666666666572,0.9631193068207065,SINTETICO_DEMO_NO_USAR_EN_ENTREGA_FINAL
2022,VALLE DEL CAUCA,CAICEDONIA,1001.9,945.8,916.5,0.969,2209.1,21.05,0.901,0.803,0.8816666666666667,-0.013333333333333308,2209.1,144.16666666666652,0.12333333333333485,0.9440063878630601,SINTETICO_DEMO_NO_USAR_EN_ENTREGA_FINAL
2023,VALLE DEL CAUCA,CAICEDONIA,939.8,909.9,787.9,0.866,2110.4,20.03,0.969,0.901,0.891,0.05533333333333331,2110.4,45.4666666666667,-0.8966666666666647,0.9681847201532241,SINTETICO_DEMO_NO_USAR_EN_ENTREGA_FINAL
2024,VALLE DEL CAUCA,CAICEDONIA,1044.5,966.8,886.5,0.917,2022.6,22.46,0.866,0.969,0.9119999999999999,-0.011666666666666678,2022.6,-42.333333333333485,1.533333333333335,0.9256103398755385,SINTETICO_DEMO_NO_USAR_EN_ENTREGA_FINAL
2020,TOLIMA,CHAPARRAL,463.9,436.6,336.9,0.772,1376.2,22.23,0.715,,0.715,,1376.2,-326.25,0.1316666666666677,0.9411511101530503,SINTETICO_DEMO_NO_USAR_EN_ENTREGA_FINAL
2021,TOLIMA,CHAPARRAL,472.2,458.7,341.1,0.744,1427.8,21.55,0.772,0.715,0.7435,,1427.8,-274.6500000000001,-0.548333333333332,0.9714104193138501,SINTETICO_DEMO_NO_USAR_EN_ENTREGA_FINAL
2022,TOLIMA,CHAPARRAL,488.1,472.7,357.5,0.756,1958.1,21.21,0.744,0.772,0.7436666666666666,0.009666666666666676,1958.1,255.64999999999986,-0.8883333333333319,0.9684490883015775,SINTETICO_DEMO_NO_USAR_EN_ENTREGA_FINAL
2023,TOLIMA,CHAPARRAL,487.8,438.1,326.2,0.744,1656.3,22.32,0.756,0.744,0.7573333333333334,-0.005333333333333338,1656.3,-46.15000000000009,0.22166666666666757,0.8981139811398114,SINTETICO_DEMO_NO_USAR_EN_ENTREGA_FINAL
2024,TOLIMA,CHAPARRAL,497.3,435.6,305.1,0.7,2251.2,22.32,0.744,0.756,0.7479999999999999,0.0,2251.2,548.7499999999998,0.22166666666666757,0.875930022119445,SINTETICO_DEMO_NO_USAR_EN_ENTREGA_FINAL
2020,CALDAS,CHINCHINA,1132.8,1089.6,952.0,0.874,2553.0,19.76,0.89,,0.89,,2553.0,-47.0333333333333,0.11166666666666814,0.961864406779661,SINTETICO_DEMO_NO_USAR_EN_ENTREGA_FINAL
2021,CALDAS,CHINCHINA,1177.7,1038.0,945.7,0.911,2388.5,20.47,0.874,0.89,0.882,,2388.5,-211.5333333333333,0.8216666666666654,0.8813789589878577,SINTETICO_DEMO_NO_USAR_EN_ENTREGA_FINAL
2022,CALDAS,CHINCHINA,1073.5,1030.8,933.4,0.905,2723.6,19.68,0.911,0.874,0.8916666666666666,0.007000000000000006,2723.6,123.5666666666666,0.03166666666666629,0.9602235677689799,SINTETICO_DEMO_NO_USAR_EN_ENTREGA_FINAL
2023,CALDAS,CHINCHINA,1169.2,1108.8,949.1,0.856,2603.8,19.64,0.905,0.911,0.8966666666666666,0.010333333333333342,2603.8,3.766666666666879,-0.00833333333333286,0.9483407458091002,SINTETICO_DEMO_NO_USAR_EN_ENTREGA_FINAL
2024,CALDAS,CHINCHINA,1086.7,975.8,862.9,0.884,2586.4,19.15,0.856,0.905,0.8906666666666667,-0.01833333333333335,2586.4,-13.633333333333212,-0.49833333333333485,0.8979479157081071,SINTETICO_DEMO_NO_USAR_EN_ENTREGA_FINAL
2020,ANTIOQUIA,CIUDAD BOLIVAR,1025.0,929.7,731.4,0.787,2369.0,19.55,0.82,,0.82,,2369.0,284.3833333333332,-1.1166666666666671,0.9070243902439025,SINTETICO_DEMO_NO_USAR_EN_ENTREGA_FINAL
2021,ANTIOQUIA,CIUDAD BOLIVAR,953.4,883.8,615.5,0.696,2196.6,20.71,0.787,0.82,0.8035,,2196.6,111.98333333333312,0.043333333333333,0.9269981120201384,SINTETICO_DEMO_NO_USAR_EN_ENTREGA_FINAL
2022,ANTIOQUIA,CIUDAD BOLIVAR,1031.0,929.6,648.0,0.697,2180.0,21.87,0.696,0.787,0.7676666666666666,-0.04133333333333333,2180.0,95.38333333333321,1.2033333333333331,0.9016488845780796,SINTETICO_DEMO_NO_USAR_EN_ENTREGA_FINAL
2023,ANTIOQUIA,CIUDAD BOLIVAR,971.9,890.7,549.8,0.617,2066.5,20.92,0.697,0.696,0.7266666666666667,-0.030000000000000027,2066.5,-18.116666666666788,0.25333333333333385,0.9164523099084269,SINTETICO_DEMO_NO_USAR_EN_ENTREGA_FINAL
2024,ANTIOQUIA,CIUDAD BOLIVAR,1026.7,927.2,742.7,0.801,1801.9,20.79,0.617,0.697,0.6699999999999999,-0.02633333333333332,1801.9,-282.7166666666667,0.1233333333333313,0.9030875620921399,SINTETICO_DEMO_NO_USAR_EN_ENTREGA_FINAL
2020,NARIÑO,CONSACA,939.4,886.3,506.4,0.571,1623.9,18.83,0.533,,0.533,,1623.9,162.4666666666667,-0.03500000000000014,0.9434745582286566,SINTETICO_DEMO_NO_USAR_EN_ENTREGA_FINAL
2021,NARIÑO,CONSACA,1014.4,918.0,619.9,0.675,1396.7,18.9,0.571,0.533,0.552,,1396.7,-64.73333333333335,0.03500000000000014,0.9049684542586751,SINTETICO_DEMO_NO_USAR_EN_ENTREGA_FINAL
2022,NARIÑO,CONSACA,1090.2,926.9,449.7,0.485,1522.0,18.95,0.675,0.571,0.593,0.04733333333333334,1522.0,60.566666666666606,0.08500000000000085,0.850210970464135,SINTETICO_DEMO_NO_USAR_EN_ENTREGA_FINAL
2023,NARIÑO,CONSACA,1066.6,1039.1,762.5,0.734,1415.5,18.08,0.485,0.675,0.5770000000000001,-0.028666666666666656,1415.5,-45.933333333333394,-0.7850000000000001,0.9742171385711607,SINTETICO_DEMO_NO_USAR_EN_ENTREGA_FINAL
2024,NARIÑO,CONSACA,966.3,850.9,588.7,0.692,1390.0,19.71,0.734,0.485,0.6313333333333334,0.01966666666666665,1390.0,-71.4333333333334,0.8450000000000024,0.8805753906654248,SINTETICO_DEMO_NO_USAR_EN_ENTREGA_FINAL
2020,CUNDINAMARCA,CUNDINAMARCA-M1,1041.3,980.1,573.9,0.586,1954.5,20.56,0.575,,0.575,,1954.5,310.8666666666668,0.1233333333333313,0.9412273120138289,SINTETICO_DEMO_NO_USAR_EN_ENTREGA_FINAL
2021,CUNDINAMARCA,CUNDINAMARCA-M1,949.3,848.3,461.3,0.544,1485.2,19.54,0.586,0.575,0.5805,,1485.2,-158.43333333333317,-0.8966666666666683,0.8936058148109133,SINTETICO_DEMO_NO_USAR_EN_ENTREGA_FINAL
2022,CUNDINAMARCA,CUNDINAMARCA-M1,1036.9,939.1,588.6,0.627,1299.6,20.29,0.544,0.586,0.5683333333333334,-0.010333333333333306,1299.6,-344.0333333333333,-0.14666666666666828,0.9056803934805671,SINTETICO_DEMO_NO_USAR_EN_ENTREGA_FINAL
2023,CUNDINAMARCA,CUNDINAMARCA-M1,1091.8,1015.9,668.1,0.658,1729.6,21.07,0.627,0.544,0.5856666666666667,0.01366666666666668,1729.6,85.9666666666667,0.6333333333333329,0.9304817732185382,SINTETICO_DEMO_NO_USAR_EN_ENTREGA_FINAL
2024,CUNDINAMARCA,CUNDINAMARCA-M1,1003.8,932.6,586.5,0.629,1785.8,19.74,0.658,0.627,0.6096666666666667,0.038,1785.8,142.16666666666674,-0.696666666666669,0.9290695357640965,SINTETICO_DEMO_NO_USAR_EN_ENTREGA_FINAL
2020,CUNDINAMARCA,CUNDINAMARCA-M2,390.0,365.4,443.0,1.213,1954.5,20.56,1.06,,1.06,,1954.5,310.8666666666668,0.1233333333333313,0.9369230769230769,SINTETICO_DEMO_NO_USAR_EN_ENTREGA_FINAL
2021,CUNDINAMARCA,CUNDINAMARCA-M2,358.0,329.3,407.4,1.237,1485.2,19.54,1.213,1.06,1.1365,,1485.2,-158.43333333333317,-0.8966666666666683,0.9198324022346369,SINTETICO_DEMO_NO_USAR_EN_ENTREGA_FINAL
2022,CUNDINAMARCA,CUNDINAMARCA-M2,363.5,309.4,388.6,1.256,1299.6,20.29,1.237,1.213,1.1700000000000002,0.05900000000000002,1299.6,-344.0333333333333,-0.14666666666666828,0.851169188445667,SINTETICO_DEMO_NO_USAR_EN_ENTREGA_FINAL
2023,CUNDINAMARCA,CUNDINAMARCA-M2,358.7,321.4,405.8,1.262,1729.6,21.07,1.256,1.237,1.2353333333333334,0.014333333333333309,1729.6,85.9666666666667,0.6333333333333329,0.8960133816559799,SINTETICO_DEMO_NO_USAR_EN_ENTREGA_FINAL
2024,CUNDINAMARCA,CUNDINAMARCA-M2,350.7,338.8,409.8,1.21,1785.8,19.74,1.262,1.256,1.2516666666666667,0.008333333333333304,1785.8,142.16666666666674,-0.696666666666669,0.9660678642714572,SINTETICO_DEMO_NO_USAR_EN_ENTREGA_FINAL
2020,NARIÑO,EL TAMBO,1058.8,942.7,939.4,0.996,1623.9,18.83,0.883,,0.883,,1623.9,162.4666666666667,-0.03500000000000014,0.8903475632791841,SINTETICO_DEMO_NO_USAR_EN_ENTREGA_FINAL
2021,NARIÑO,EL TAMBO,1094.3,938.3,962.5,1.026,1396.7,18.9,0.996,0.883,0.9395,,1396.7,-64.73333333333335,0.03500000000000014,0.8574431143196564,SINTETICO_DEMO_NO_USAR_EN_ENTREGA_FINAL
2022,NARIÑO,EL TAMBO,1093.6,1014.6,884.9,0.872,1522.0,18.95,1.026,0.996,0.9683333333333334,0.04766666666666667,1522.0,60.566666666666606,0.08500000000000085,0.9277615215801025,SINTETICO_DEMO_NO_USAR_EN_ENTREGA_FINAL
2023,NARIÑO,EL TAMBO,1090.5,973.4,960.2,0.986,1415.5,18.08,0.872,1.026,0.9646666666666667,-0.04133333333333333,1415.5,-45.933333333333394,-0.7850000000000001,0.8926180651077488,SINTETICO_DEMO_NO_USAR_EN_ENTREGA_FINAL
2024,NARIÑO,EL TAMBO,1021.4,900.7,873.3,0.97,1390.0,19.71,0.986,0.872,0.9613333333333333,-0.013333333333333345,1390.0,-71.4333333333334,0.8450000000000024,0.8818288623457999,SINTETICO_DEMO_NO_USAR_EN_ENTREGA_FINAL
2020,HUILA,GARZON,484.2,436.7,440.5,1.009,1783.4,21.88,1.01,,1.01,,1783.4,146.75,0.4816666666666656,0.9019000413052458,SINTETICO_DEMO_NO_USAR_EN_ENTREGA_FINAL
2021,HUILA,GARZON,508.3,461.8,367.9,0.797,1650.1,20.66,1.009,1.01,1.0095,,1650.1,13.449999999999818,-0.7383333333333333,0.9085185913830415,SINTETICO_DEMO_NO_USAR_EN_ENTREGA_FINAL
2022,HUILA,GARZON,468.0,456.8,432.5,0.947,1397.0,21.52,0.797,1.009,0.9386666666666666,-0.071,1397.0,-239.6500000000001,0.12166666666666615,0.976068376068376,SINTETICO_DEMO_NO_USAR_EN_ENTREGA_FINAL
2023,HUILA,GARZON,540.4,528.9,503.9,0.953,1389.6,21.88,0.947,0.797,0.9176666666666667,-0.02066666666666665,1389.6,-247.05000000000018,0.4816666666666656,0.978719467061436,SINTETICO_DEMO_NO_USAR_EN_ENTREGA_FINAL
2024,HUILA,GARZON,557.0,525.0,460.2,0.876,1821.3,20.78,0.953,0.947,0.899,0.05199999999999997,1821.3,184.64999999999986,-0.6183333333333323,0.9425493716337523,SINTETICO_DEMO_NO_USAR_EN_ENTREGA_FINAL
2020,TOLIMA,IBAGUE,670.7,641.7,473.6,0.738,1376.2,22.23,0.656,,0.656,,1376.2,-326.25,0.1316666666666677,0.9567615923661846,SINTETICO_DEMO_NO_USAR_EN_ENTREGA_FINAL
2021,TOLIMA,IBAGUE,726.0,618.1,444.4,0.719,1427.8,21.55,0.738,0.656,0.6970000000000001,,1427.8,-274.6500000000001,-0.548333333333332,0.8513774104683196,SINTETICO_DEMO_NO_USAR_EN_ENTREGA_FINAL
2022,TOLIMA,IBAGUE,704.1,682.9,482.3,0.706,1958.1,21.21,0.719,0.738,0.7043333333333334,0.02099999999999998,1958.1,255.64999999999986,-0.8883333333333319,0.969890640534015,SINTETICO_DEMO_NO_USAR_EN_ENTREGA_FINAL
2023,TOLIMA,IBAGUE,634.3,544.0,362.8,0.667,1656.3,22.32,0.706,0.719,0.721,-0.010666666666666677,1656.3,-46.15000000000009,0.22166666666666757,0.8576383414787956,SINTETICO_DEMO_NO_USAR_EN_ENTREGA_FINAL
2024,TOLIMA,IBAGUE,717.5,623.2,376.8,0.605,2251.2,22.32,0.667,0.706,0.6973333333333332,-0.01733333333333331,2251.2,548.7499999999998,0.22166666666666757,0.8685714285714287,SINTETICO_DEMO_NO_USAR_EN_ENTREGA_FINAL
2020,HUILA,ISNOS,450.3,430.8,335.4,0.779,1783.4,21.88,0.933,,0.933,,1783.4,146.75,0.4816666666666656,0.9566955363091273,SINTETICO_DEMO_NO_USAR_EN_ENTREGA_FINAL
2021,HUILA,ISNOS,499.5,446.5,374.2,0.838,1650.1,20.66,0.779,0.933,0.8560000000000001,,1650.1,13.449999999999818,-0.7383333333333333,0.8938938938938938,SINTETICO_DEMO_NO_USAR_EN_ENTREGA_FINAL
2022,HUILA,ISNOS,468.3,399.0,385.3,0.966,1397.0,21.52,0.838,0.779,0.85,-0.0316666666666667,1397.0,-239.6500000000001,0.12166666666666615,0.852017937219731,SINTETICO_DEMO_NO_USAR_EN_ENTREGA_FINAL
2023,HUILA,ISNOS,434.9,387.6,287.7,0.742,1389.6,21.88,0.966,0.838,0.8610000000000001,0.06233333333333332,1389.6,-247.05000000000018,0.4816666666666656,0.8912393653713498,SINTETICO_DEMO_NO_USAR_EN_ENTREGA_FINAL
2024,HUILA,ISNOS,451.2,438.2,393.7,0.898,1821.3,20.78,0.742,0.966,0.8486666666666668,-0.031999999999999994,1821.3,184.64999999999986,-0.6183333333333323,0.9711879432624113,SINTETICO_DEMO_NO_USAR_EN_ENTREGA_FINAL
2020,ANTIOQUIA,JARDIN,543.8,530.9,474.5,0.894,2369.0,19.55,0.849,,0.849,,2369.0,284.3833333333332,-1.1166666666666671,0.9762780433983083,SINTETICO_DEMO_NO_USAR_EN_ENTREGA_FINAL
2021,ANTIOQUIA,JARDIN,569.2,547.2,552.6,1.01,2196.6,20.71,0.894,0.849,0.8714999999999999,,2196.6,111.98333333333312,0.043333333333333,0.9613492621222769,SINTETICO_DEMO_NO_USAR_EN_ENTREGA_FINAL
2022,ANTIOQUIA,JARDIN,541.1,483.3,374.5,0.775,2180.0,21.87,1.01,0.894,0.9176666666666667,0.053666666666666675,2180.0,95.38333333333321,1.2033333333333331,0.8931805581223433,SINTETICO_DEMO_NO_USAR_EN_ENTREGA_FINAL
2023,ANTIOQUIA,JARDIN,530.4,497.2,542.3,1.091,2066.5,20.92,0.775,1.01,0.8930000000000001,-0.03966666666666666,2066.5,-18.116666666666788,0.25333333333333385,0.9374057315233786,SINTETICO_DEMO_NO_USAR_EN_ENTREGA_FINAL
2024,ANTIOQUIA,JARDIN,549.7,477.2,461.9,0.968,1801.9,20.79,1.091,0.775,0.9586666666666667,0.026999999999999986,1801.9,-282.7166666666667,0.1233333333333313,0.8681098781153356,SINTETICO_DEMO_NO_USAR_EN_ENTREGA_FINAL
2020,NARIÑO,LA FLORIDA,994.2,866.5,775.0,0.894,1623.9,18.83,0.897,,0.897,,1623.9,162.4666666666667,-0.03500000000000014,0.8715550191108429,SINTETICO_DEMO_NO_USAR_EN_ENTREGA_FINAL
2021,NARIÑO,LA FLORIDA,1093.1,1003.3,751.3,0.749,1396.7,18.9,0.894,0.897,0.8955,,1396.7,-64.73333333333335,0.03500000000000014,0.9178483212880798,SINTETICO_DEMO_NO_USAR_EN_ENTREGA_FINAL
2022,NARIÑO,LA FLORIDA,1074.9,1025.5,906.6,0.884,1522.0,18.95,0.749,0.894,0.8466666666666667,-0.04933333333333334,1522.0,60.566666666666606,0.08500000000000085,0.954042236487115,SINTETICO_DEMO_NO_USAR_EN_ENTREGA_FINAL
2023,NARIÑO,LA FLORIDA,1133.2,1068.9,1077.6,1.008,1415.5,18.08,0.884,0.749,0.8423333333333334,-0.003333333333333336,1415.5,-45.933333333333394,-0.7850000000000001,0.9432580303565126,SINTETICO_DEMO_NO_USAR_EN_ENTREGA_FINAL
2024,NARIÑO,LA FLORIDA,1047.0,1000.6,891.7,0.891,1390.0,19.71,1.008,0.884,0.8803333333333333,0.08633333333333333,1390.0,-71.4333333333334,0.8450000000000024,0.9556829035339064,SINTETICO_DEMO_NO_USAR_EN_ENTREGA_FINAL
2020,NARIÑO,LINARES,662.0,615.0,484.2,0.787,1623.9,18.83,0.905,,0.905,,1623.9,162.4666666666667,-0.03500000000000014,0.9290030211480362,SINTETICO_DEMO_NO_USAR_EN_ENTREGA_FINAL
2021,NARIÑO,LINARES,697.8,613.4,505.5,0.824,1396.7,18.9,0.787,0.905,0.8460000000000001,,1396.7,-64.73333333333335,0.03500000000000014,0.879048437947836,SINTETICO_DEMO_NO_USAR_EN_ENTREGA_FINAL
2022,NARIÑO,LINARES,698.0,596.3,550.4,0.923,1522.0,18.95,0.824,0.787,0.8386666666666667,-0.027000000000000024,1522.0,60.566666666666606,0.08500000000000085,0.8542979942693409,SINTETICO_DEMO_NO_USAR_EN_ENTREGA_FINAL
2023,NARIÑO,LINARES,669.2,642.4,652.7,1.016,1415.5,18.08,0.923,0.824,0.8446666666666666,0.04533333333333334,1415.5,-45.933333333333394,-0.7850000000000001,0.9599521817095038,SINTETICO_DEMO_NO_USAR_EN_ENTREGA_FINAL
2024,NARIÑO,LINARES,731.4,637.3,556.9,0.874,1390.0,19.71,1.016,0.923,0.9209999999999999,0.06400000000000002,1390.0,-71.4333333333334,0.8450000000000024,0.8713426305715066,SINTETICO_DEMO_NO_USAR_EN_ENTREGA_FINAL
2020,MAGDALENA,MAGDALENA-M1,716.5,666.6,641.9,0.963,1833.0,20.66,0.933,,0.933,,1833.0,224.3666666666668,0.17833333333333456,0.9303558967201675,SINTETICO_DEMO_NO_USAR_EN_ENTREGA_FINAL
2021,MAGDALENA,MAGDALENA-M1,659.5,632.2,618.7,0.979,1808.1,20.01,0.963,0.933,0.948,,1808.1,199.4666666666667,-0.471666666666664,0.9586050037907506,SINTETICO_DEMO_NO_USAR_EN_ENTREGA_FINAL
2022,MAGDALENA,MAGDALENA-M1,676.3,625.4,499.5,0.799,1313.0,20.28,0.979,0.963,0.9583333333333334,0.01533333333333331,1313.0,-295.6333333333332,-0.20166666666666444,0.9247375425107202,SINTETICO_DEMO_NO_USAR_EN_ENTREGA_FINAL
2023,MAGDALENA,MAGDALENA-M1,666.9,647.1,651.4,1.007,1712.1,20.26,0.799,0.979,0.9136666666666667,-0.05466666666666664,1712.1,103.4666666666667,-0.22166666666666401,0.970310391363023,SINTETICO_DEMO_NO_USAR_EN_ENTREGA_FINAL
2024,MAGDALENA,MAGDALENA-M1,742.2,712.6,674.1,0.946,1639.9,20.65,1.007,0.799,0.9283333333333332,0.009333333333333305,1639.9,31.26666666666688,0.168333333333333,0.9601185664241444,SINTETICO_DEMO_NO_USAR_EN_ENTREGA_FINAL
2020,MAGDALENA,MAGDALENA-M2,1138.1,996.0,1089.4,1.094,1833.0,20.66,1.275,,1.275,,1833.0,224.3666666666668,0.17833333333333456,0.8751427818293648,SINTETICO_DEMO_NO_USAR_EN_ENTREGA_FINAL
2021,MAGDALENA,MAGDALENA-M2,1162.9,1066.4,1014.7,0.952,1808.1,20.01,1.094,1.275,1.1844999999999999,,1808.1,199.4666666666667,-0.471666666666664,0.9170178003267693,SINTETICO_DEMO_NO_USAR_EN_ENTREGA_FINAL
2022,MAGDALENA,MAGDALENA-M2,986.5,859.2,884.1,1.029,1313.0,20.28,0.952,1.094,1.107,-0.10766666666666665,1313.0,-295.6333333333332,-0.20166666666666444,0.8709579320831222,SINTETICO_DEMO_NO_USAR_EN_ENTREGA_FINAL
2023,MAGDALENA,MAGDALENA-M2,1077.4,931.9,870.4,0.934,1712.1,20.26,1.029,0.952,1.0250000000000001,-0.021666666666666723,1712.1,103.4666666666667,-0.22166666666666401,0.8649526638203081,SINTETICO_DEMO_NO_USAR_EN_ENTREGA_FINAL
2024,MAGDALENA,MAGDALENA-M2,1128.4,959.4,1126.7,1.174,1639.9,20.65,0.934,1.029,0.9716666666666667,-0.005999999999999968,1639.9,31.26666666666688,0.168333333333333,0.8502304147465437,SINTETICO_DEMO_NO_USAR_EN_ENTREGA_FINAL
2020,CALDAS,MANIZALES,546.3,468.9,530.3,1.131,2553.0,19.76,1.101,,1.101,,2553.0,-47.0333333333333,0.11166666666666814,0.8583196046128501,SINTETICO_DEMO_NO_USAR_EN_ENTREGA_FINAL
2021,CALDAS,MANIZALES,528.7,510.9,570.2,1.116,2388.5,20.47,1.131,1.101,1.116,,2388.5,-211.5333333333333,0.8216666666666654,0.9663325137128805,SINTETICO_DEMO_NO_USAR_EN_ENTREGA_FINAL
2022,CALDAS,MANIZALES,528.1,515.4,555.8,1.078,2723.6,19.68,1.116,1.131,1.1159999999999999,0.005000000000000042,2723.6,123.5666666666666,0.03166666666666629,0.9759515243325126,SINTETICO_DEMO_NO_USAR_EN_ENTREGA_FINAL
2023,CALDAS,MANIZALES,541.2,486.9,578.6,1.188,2603.8,19.64,1.078,1.116,1.1083333333333334,-0.017666666666666647,2603.8,3.766666666666879,-0.00833333333333286,0.8996674057649666,SINTETICO_DEMO_NO_USAR_EN_ENTREGA_FINAL
2024,CALDAS,MANIZALES,558.1,510.9,558.6,1.093,2586.4,19.15,1.188,1.078,1.1273333333333333,0.02399999999999995,2586.4,-13.633333333333212,-0.49833333333333485,0.9154273427701128,SINTETICO_DEMO_NO_USAR_EN_ENTREGA_FINAL
2020,META,META-M1,486.0,462.8,455.1,0.983,1809.6,20.4,0.832,,0.832,,1809.6,104.2833333333333,-0.013333333333335418,0.9522633744855967,SINTETICO_DEMO_NO_USAR_EN_ENTREGA_FINAL
2021,META,META-M1,496.0,461.0,362.9,0.787,1771.5,20.89,0.983,0.832,0.9075,,1771.5,66.1833333333334,0.47666666666666657,0.9294354838709677,SINTETICO_DEMO_NO_USAR_EN_ENTREGA_FINAL
2022,META,META-M1,465.1,395.9,368.8,0.932,1659.9,21.26,0.787,0.983,0.8673333333333333,-0.014999999999999977,1659.9,-45.416666666666515,0.8466666666666676,0.851214792517738,SINTETICO_DEMO_NO_USAR_EN_ENTREGA_FINAL
2023,META,META-M1,510.2,480.9,384.2,0.799,1440.5,19.57,0.932,0.787,0.9006666666666666,-0.016999999999999977,1440.5,-264.8166666666666,-0.8433333333333337,0.9425715405723245,SINTETICO_DEMO_NO_USAR_EN_ENTREGA_FINAL
2024,META,META-M1,467.2,421.1,402.3,0.955,1892.3,20.6,0.799,0.932,0.8393333333333334,0.0040000000000000036,1892.3,186.98333333333335,0.18666666666666742,0.9013270547945206,SINTETICO_DEMO_NO_USAR_EN_ENTREGA_FINAL
2020,META,META-M2,556.8,531.0,610.1,1.149,1809.6,20.4,1.481,,1.481,,1809.6,104.2833333333333,-0.013333333333335418,0.9536637931034484,SINTETICO_DEMO_NO_USAR_EN_ENTREGA_FINAL
2021,META,META-M2,576.8,558.8,694.9,1.244,1771.5,20.89,1.149,1.481,1.315,,1771.5,66.1833333333334,0.47666666666666657,0.9687933425797504,SINTETICO_DEMO_NO_USAR_EN_ENTREGA_FINAL
2022,META,META-M2,547.3,496.2,731.7,1.475,1659.9,21.26,1.244,1.149,1.2913333333333334,-0.07900000000000003,1659.9,-45.416666666666515,0.8466666666666676,0.9066325598392108,SINTETICO_DEMO_NO_USAR_EN_ENTREGA_FINAL
2023,META,META-M2,563.9,516.5,558.3,1.081,1440.5,19.57,1.475,1.244,1.2893333333333332,0.10866666666666669,1440.5,-264.8166666666666,-0.8433333333333337,0.9159425430040787,SINTETICO_DEMO_NO_USAR_EN_ENTREGA_FINAL
2024,META,META-M2,559.6,519.1,562.6,1.084,1892.3,20.6,1.081,1.475,1.2666666666666668,-0.054333333333333345,1892.3,186.98333333333335,0.18666666666666742,0.927626876340243,SINTETICO_DEMO_NO_USAR_EN_ENTREGA_FINAL
2020,CAUCA,MORALES,687.8,584.7,535.8,0.916,1854.6,21.35,0.909,,0.909,,1854.6,92.7833333333333,1.3683333333333358,0.8501017737714454,SINTETICO_DEMO_NO_USAR_EN_ENTREGA_FINAL
2021,CAUCA,MORALES,667.1,573.6,542.2,0.945,1795.5,19.14,0.916,0.909,0.9125000000000001,,1795.5,33.683333333333394,-0.841666666666665,0.8598411032828661,SINTETICO_DEMO_NO_USAR_EN_ENTREGA_FINAL
2022,CAUCA,MORALES,666.3,626.7,461.8,0.737,1633.5,19.95,0.945,0.916,0.9233333333333333,0.011999999999999974,1633.5,-128.3166666666666,-0.03166666666666629,0.940567312021612,SINTETICO_DEMO_NO_USAR_EN_ENTREGA_FINAL
2023,CAUCA,MORALES,654.3,572.1,517.4,0.904,1988.7,20.6,0.737,0.945,0.866,-0.05966666666666668,1988.7,226.88333333333344,0.6183333333333358,0.8743695552498855,SINTETICO_DEMO_NO_USAR_EN_ENTREGA_FINAL
2024,CAUCA,MORALES,622.2,559.9,496.8,0.887,1661.8,19.38,0.904,0.737,0.8620000000000001,-0.013666666666666641,1661.8,-100.01666666666665,-0.6016666666666666,0.8998714239794278,SINTETICO_DEMO_NO_USAR_EN_ENTREGA_FINAL
2020,NORTE DE SANTANDER,NORTE DE SANTANDER-M1,1115.5,967.2,741.9,0.767,1538.0,20.51,0.726,,0.726,,1538.0,-191.83333333333326,0.16166666666666885,0.8670551322277006,SINTETICO_DEMO_NO_USAR_EN_ENTREGA_FINAL
2021,NORTE DE SANTANDER,NORTE DE SANTANDER-M1,1024.4,876.4,721.5,0.823,1705.8,20.04,0.767,0.726,0.7464999999999999,,1705.8,-24.033333333333303,-0.30833333333333357,0.8555251854744239,SINTETICO_DEMO_NO_USAR_EN_ENTREGA_FINAL
2022,NORTE DE SANTANDER,NORTE DE SANTANDER-M1,1040.2,893.4,659.7,0.738,1757.3,21.23,0.823,0.767,0.7719999999999999,0.032333333333333325,1757.3,27.466666666666697,0.8816666666666677,0.8588732935973851,SINTETICO_DEMO_NO_USAR_EN_ENTREGA_FINAL
2023,NORTE DE SANTANDER,NORTE DE SANTANDER-M1,1084.1,966.1,788.7,0.816,1687.2,20.13,0.738,0.823,0.7759999999999999,-0.009666666666666676,1687.2,-42.63333333333321,-0.2183333333333337,0.8911539525873998,SINTETICO_DEMO_NO_USAR_EN_ENTREGA_FINAL
2024,NORTE DE SANTANDER,NORTE DE SANTANDER-M1,1194.4,1031.4,913.0,0.885,1848.2,20.07,0.816,0.738,0.7923333333333332,-0.0023333333333333353,1848.2,118.36666666666679,-0.27833333333333243,0.8635298057602143,SINTETICO_DEMO_NO_USAR_EN_ENTREGA_FINAL
2020,NORTE DE SANTANDER,NORTE DE SANTANDER-M2,499.3,446.1,495.4,1.11,1538.0,20.51,0.947,,0.947,,1538.0,-191.83333333333326,0.16166666666666885,0.8934508311636291,SINTETICO_DEMO_NO_USAR_EN_ENTREGA_FINAL
2021,NORTE DE SANTANDER,NORTE DE SANTANDER-M2,448.2,416.0,472.5,1.136,1705.8,20.04,1.11,0.947,1.0285,,1705.8,-24.033333333333303,-0.30833333333333357,0.9281570727353861,SINTETICO_DEMO_NO_USAR_EN_ENTREGA_FINAL
2022,NORTE DE SANTANDER,NORTE DE SANTANDER-M2,506.4,445.8,491.2,1.102,1757.3,21.23,1.136,1.11,1.0643333333333334,0.06299999999999999,1757.3,27.466666666666697,0.8816666666666677,0.8803317535545024,SINTETICO_DEMO_NO_USAR_EN_ENTREGA_FINAL
2023,NORTE DE SANTANDER,NORTE DE SANTANDER-M2,454.5,399.5,416.2,1.042,1687.2,20.13,1.102,1.136,1.1159999999999999,-0.002666666666666669,1687.2,-42.63333333333321,-0.2183333333333337,0.878987898789879,SINTETICO_DEMO_NO_USAR_EN_ENTREGA_FINAL
2024,NORTE DE SANTANDER,NORTE DE SANTANDER-M2,500.1,487.9,600.0,1.23,1848.2,20.07,1.042,1.102,1.0933333333333335,-0.03133333333333329,1848.2,118.36666666666679,-0.27833333333333243,0.9756048790241951,SINTETICO_DEMO_NO_USAR_EN_ENTREGA_FINAL
2020,CALDAS,PALESTINA,848.1,729.7,497.6,0.682,2553.0,19.76,0.87,,0.87,,2553.0,-47.0333333333333,0.11166666666666814,0.8603938214833157,SINTETICO_DEMO_NO_USAR_EN_ENTREGA_FINAL
2021,CALDAS,PALESTINA,855.6,751.8,596.0,0.793,2388.5,20.47,0.682,0.87,0.776,,2388.5,-211.5333333333333,0.8216666666666654,0.8786816269284712,SINTETICO_DEMO_NO_USAR_EN_ENTREGA_FINAL
2022,CALDAS,PALESTINA,809.6,786.6,605.8,0.77,2723.6,19.68,0.793,0.682,0.7816666666666667,-0.025666666666666654,2723.6,123.5666666666666,0.03166666666666629,0.9715909090909091,SINTETICO_DEMO_NO_USAR_EN_ENTREGA_FINAL
2023,CALDAS,PALESTINA,723.9,677.6,612.4,0.904,2603.8,19.64,0.77,0.793,0.7483333333333334,0.029333333333333322,2603.8,3.766666666666879,-0.00833333333333286,0.9360408896256389,SINTETICO_DEMO_NO_USAR_EN_ENTREGA_FINAL
2024,CALDAS,PALESTINA,759.3,719.8,568.5,0.79,2586.4,19.15,0.904,0.77,0.8223333333333334,0.037,2586.4,-13.633333333333212,-0.49833333333333485,0.9479784011589621,SINTETICO_DEMO_NO_USAR_EN_ENTREGA_FINAL
2020,RISARALDA,PEREIRA,982.2,889.7,1070.0,1.203,2530.9,19.98,0.981,,0.981,,2530.9,89.1833333333334,-0.461666666666666,0.9058236611688048,SINTETICO_DEMO_NO_USAR_EN_ENTREGA_FINAL
2021,RISARALDA,PEREIRA,949.0,819.8,1028.7,1.255,2368.3,21.33,1.203,0.981,1.092,,2368.3,-73.41666666666652,0.8883333333333319,0.8638566912539515,SINTETICO_DEMO_NO_USAR_EN_ENTREGA_FINAL
2022,RISARALDA,PEREIRA,955.0,820.8,998.2,1.216,2592.6,19.33,1.255,1.203,1.1463333333333334,0.09133333333333331,2592.6,150.8833333333332,-1.1116666666666681,0.8594764397905759,SINTETICO_DEMO_NO_USAR_EN_ENTREGA_FINAL
2023,RISARALDA,PEREIRA,960.5,898.2,1057.6,1.178,2692.6,20.29,1.216,1.255,1.2246666666666666,0.0043333333333333,2692.6,250.8833333333332,-0.15166666666666728,0.9351379489849038,SINTETICO_DEMO_NO_USAR_EN_ENTREGA_FINAL
2024,RISARALDA,PEREIRA,918.1,859.5,943.3,1.097,2300.2,20.88,1.178,1.216,1.2163333333333333,-0.025666666666666654,2300.2,-141.51666666666688,0.4383333333333326,0.9361725302254656,SINTETICO_DEMO_NO_USAR_EN_ENTREGA_FINAL
2020,CAUCA,PIENDAMO,1169.1,1038.1,718.2,0.692,1854.6,21.35,0.781,,0.781,,1854.6,92.7833333333333,1.3683333333333358,0.88794799418356,SINTETICO_DEMO_NO_USAR_EN_ENTREGA_FINAL
2021,CAUCA,PIENDAMO,1114.5,1062.9,862.9,0.812,1795.5,19.14,0.692,0.781,0.7364999999999999,,1795.5,33.683333333333394,-0.841666666666665,0.9537012113055182,SINTETICO_DEMO_NO_USAR_EN_ENTREGA_FINAL
2022,CAUCA,PIENDAMO,1190.5,1022.7,808.8,0.791,1633.5,19.95,0.812,0.692,0.7616666666666667,0.010333333333333342,1633.5,-128.3166666666666,-0.03166666666666629,0.8590508189836203,SINTETICO_DEMO_NO_USAR_EN_ENTREGA_FINAL
2023,CAUCA,PIENDAMO,1094.6,952.5,847.2,0.889,1988.7,20.6,0.791,0.812,0.765,0.03300000000000003,1988.7,226.88333333333344,0.6183333333333358,0.8701808879956149,SINTETICO_DEMO_NO_USAR_EN_ENTREGA_FINAL
2024,CAUCA,PIENDAMO,1184.7,1070.6,902.1,0.843,1661.8,19.38,0.889,0.791,0.8306666666666667,0.025666666666666654,1661.8,-100.01666666666665,-0.6016666666666666,0.9036886975605637,SINTETICO_DEMO_NO_USAR_EN_ENTREGA_FINAL
2020,HUILA,PITALITO,565.7,488.4,398.5,0.816,1783.4,21.88,0.617,,0.617,,1783.4,146.75,0.4816666666666656,0.8633551352306875,SINTETICO_DEMO_NO_USAR_EN_ENTREGA_FINAL
2021,HUILA,PITALITO,552.7,526.7,451.7,0.857,1650.1,20.66,0.816,0.617,0.7164999999999999,,1650.1,13.449999999999818,-0.7383333333333333,0.9529582051745974,SINTETICO_DEMO_NO_USAR_EN_ENTREGA_FINAL
2022,HUILA,PITALITO,568.2,531.5,439.7,0.827,1397.0,21.52,0.857,0.816,0.7633333333333333,0.08,1397.0,-239.6500000000001,0.12166666666666615,0.9354100668778599,SINTETICO_DEMO_NO_USAR_EN_ENTREGA_FINAL
2023,HUILA,PITALITO,573.3,508.4,465.5,0.916,1389.6,21.88,0.827,0.857,0.8333333333333334,0.00366666666666667,1389.6,-247.05000000000018,0.4816666666666656,0.8867957439386012,SINTETICO_DEMO_NO_USAR_EN_ENTREGA_FINAL
2024,HUILA,PITALITO,554.0,530.9,450.6,0.849,1821.3,20.78,0.916,0.827,0.8666666666666667,0.019666666666666683,1821.3,184.64999999999986,-0.6183333333333323,0.9583032490974729,SINTETICO_DEMO_NO_USAR_EN_ENTREGA_FINAL
2020,TOLIMA,PLANADAS,584.0,514.6,476.7,0.926,1376.2,22.23,0.91,,0.91,,1376.2,-326.25,0.1316666666666677,0.8811643835616438,SINTETICO_DEMO_NO_USAR_EN_ENTREGA_FINAL
2021,TOLIMA,PLANADAS,630.8,553.4,509.8,0.921,1427.8,21.55,0.926,0.91,0.918,,1427.8,-274.6500000000001,-0.548333333333332,0.8772986683576411,SINTETICO_DEMO_NO_USAR_EN_ENTREGA_FINAL
2022,TOLIMA,PLANADAS,539.3,487.2,368.7,0.757,1958.1,21.21,0.921,0.926,0.919,0.00366666666666667,1958.1,255.64999999999986,-0.8883333333333319,0.9033932875950307,SINTETICO_DEMO_NO_USAR_EN_ENTREGA_FINAL
2023,TOLIMA,PLANADAS,609.3,565.1,529.6,0.937,1656.3,22.32,0.757,0.921,0.868,-0.056333333333333346,1656.3,-46.15000000000009,0.22166666666666757,0.9274577383883146,SINTETICO_DEMO_NO_USAR_EN_ENTREGA_FINAL
2024,TOLIMA,PLANADAS,598.0,577.2,526.3,0.912,2251.2,22.32,0.937,0.757,0.8716666666666667,0.005333333333333338,2251.2,548.7499999999998,0.22166666666666757,0.9652173913043479,SINTETICO_DEMO_NO_USAR_EN_ENTREGA_FINAL
2020,CAUCA,POPAYAN,1089.0,991.8,1101.0,1.11,1854.6,21.35,0.955,,0.955,,1854.6,92.7833333333333,1.3683333333333358,0.9107438016528925,SINTETICO_DEMO_NO_USAR_EN_ENTREGA_FINAL
2021,CAUCA,POPAYAN,990.2,871.1,955.0,1.096,1795.5,19.14,1.11,0.955,1.0325,,1795.5,33.683333333333394,-0.841666666666665,0.87972126843062,SINTETICO_DEMO_NO_USAR_EN_ENTREGA_FINAL
2022,CAUCA,POPAYAN,1128.2,1085.5,1115.8,1.028,1633.5,19.95,1.096,1.11,1.0536666666666668,0.04700000000000004,1633.5,-128.3166666666666,-0.03166666666666629,0.9621521006913667,SINTETICO_DEMO_NO_USAR_EN_ENTREGA_FINAL
2023,CAUCA,POPAYAN,994.9,963.5,938.5,0.974,1988.7,20.6,1.028,1.096,1.078,-0.02733333333333336,1988.7,226.88333333333344,0.6183333333333358,0.968439039099407,SINTETICO_DEMO_NO_USAR_EN_ENTREGA_FINAL
2024,CAUCA,POPAYAN,1054.2,966.3,1058.3,1.095,1661.8,19.38,0.974,1.028,1.0326666666666668,-0.040666666666666705,1661.8,-100.01666666666665,-0.6016666666666666,0.9166192373363687,SINTETICO_DEMO_NO_USAR_EN_ENTREGA_FINAL
2020,QUINDÍO,QUINDÍO-M1,788.5,707.8,757.0,1.07,1619.2,19.15,1.008,,1.008,,1619.2,-93.66666666666674,-1.1133333333333333,0.8976537729866835,SINTETICO_DEMO_NO_USAR_EN_ENTREGA_FINAL
2021,QUINDÍO,QUINDÍO-M1,785.1,669.0,743.6,1.112,1714.6,21.11,1.07,1.008,1.0390000000000001,,1714.6,1.7333333333331211,0.8466666666666676,0.8521207489491784,SINTETICO_DEMO_NO_USAR_EN_ENTREGA_FINAL
2022,QUINDÍO,QUINDÍO-M1,752.3,651.6,659.4,1.012,1695.8,20.48,1.112,1.07,1.0633333333333335,0.0346666666666667,1695.8,-17.066666666666833,0.21666666666666856,0.8661438256014888,SINTETICO_DEMO_NO_USAR_EN_ENTREGA_FINAL
2023,QUINDÍO,QUINDÍO-M1,793.8,716.3,694.5,0.97,1628.9,20.16,1.012,1.112,1.0646666666666667,-0.01933333333333335,1628.9,-83.9666666666667,-0.10333333333333172,0.9023683547493071,SINTETICO_DEMO_NO_USAR_EN_ENTREGA_FINAL
2024,QUINDÍO,QUINDÍO-M1,757.8,644.7,631.8,0.98,1771.1,20.22,0.97,1.012,1.0313333333333332,-0.04733333333333337,1771.1,58.23333333333312,-0.043333333333333,0.8507521773555029,SINTETICO_DEMO_NO_USAR_EN_ENTREGA_FINAL
2020,QUINDÍO,QUINDÍO-M2,868.4,770.7,808.7,1.049,1619.2,19.15,1.227,,1.227,,1619.2,-93.66666666666674,-1.1133333333333333,0.8874942422846616,SINTETICO_DEMO_NO_USAR_EN_ENTREGA_FINAL
2021,QUINDÍO,QUINDÍO-M2,861.7,770.0,865.1,1.123,1714.6,21.11,1.049,1.227,1.138,,1714.6,1.7333333333331211,0.8466666666666676,0.8935824532900081,SINTETICO_DEMO_NO_USAR_EN_ENTREGA_FINAL
2022,QUINDÍO,QUINDÍO-M2,884.0,848.5,946.7,1.116,1695.8,20.48,1.123,1.049,1.133,-0.0346666666666667,1695.8,-17.066666666666833,0.21666666666666856,0.959841628959276,SINTETICO_DEMO_NO_USAR_EN_ENTREGA_FINAL
2023,QUINDÍO,QUINDÍO-M2,879.1,833.9,901.3,1.081,1628.9,20.16,1.116,1.123,1.0959999999999999,0.02233333333333339,1628.9,-83.9666666666667,-0.10333333333333172,0.948583778864748,SINTETICO_DEMO_NO_USAR_EN_ENTREGA_FINAL
2024,QUINDÍO,QUINDÍO-M2,924.6,812.8,919.2,1.131,1771.1,20.22,1.081,1.116,1.1066666666666667,-0.014000000000000012,1771.1,58.23333333333312,-0.043333333333333,0.8790828466363833,SINTETICO_DEMO_NO_USAR_EN_ENTREGA_FINAL
2020,TOLIMA,RIOBLANCO,596.6,537.4,553.5,1.03,1376.2,22.23,0.962,,0.962,,1376.2,-326.25,0.1316666666666677,0.9007710358699296,SINTETICO_DEMO_NO_USAR_EN_ENTREGA_FINAL
2021,TOLIMA,RIOBLANCO,602.5,574.5,651.5,1.134,1427.8,21.55,1.03,0.962,0.996,,1427.8,-274.6500000000001,-0.548333333333332,0.9535269709543569,SINTETICO_DEMO_NO_USAR_EN_ENTREGA_FINAL
2022,TOLIMA,RIOBLANCO,604.9,552.9,573.3,1.037,1958.1,21.21,1.134,1.03,1.042,0.05733333333333331,1958.1,255.64999999999986,-0.8883333333333319,0.9140353777483882,SINTETICO_DEMO_NO_USAR_EN_ENTREGA_FINAL
2023,TOLIMA,RIOBLANCO,564.7,533.6,527.5,0.989,1656.3,22.32,1.037,1.134,1.067,0.0023333333333332984,1656.3,-46.15000000000009,0.22166666666666757,0.9449265096511421,SINTETICO_DEMO_NO_USAR_EN_ENTREGA_FINAL
2024,TOLIMA,RIOBLANCO,606.0,555.1,540.0,0.973,2251.2,22.32,0.989,1.037,1.0533333333333332,-0.048333333333333305,2251.2,548.7499999999998,0.22166666666666757,0.916006600660066,SINTETICO_DEMO_NO_USAR_EN_ENTREGA_FINAL
2020,SANTANDER,SAN GIL,1056.2,1034.1,1028.5,0.995,1404.5,22.35,0.777,,0.777,,1404.5,-20.583333333333258,-0.19666666666666544,0.9790759325885248,SINTETICO_DEMO_NO_USAR_EN_ENTREGA_FINAL
2021,SANTANDER,SAN GIL,992.2,879.1,886.0,1.008,1238.5,22.12,0.995,0.777,0.886,,1238.5,-186.58333333333326,-0.42666666666666586,0.8860108849022374,SINTETICO_DEMO_NO_USAR_EN_ENTREGA_FINAL
2022,SANTANDER,SAN GIL,1019.7,959.9,765.4,0.797,1597.3,23.02,1.008,0.995,0.9266666666666667,0.077,1597.3,172.2166666666667,0.4733333333333327,0.9413553005786015,SINTETICO_DEMO_NO_USAR_EN_ENTREGA_FINAL
2023,SANTANDER,SAN GIL,991.7,963.9,910.9,0.945,1333.3,22.4,0.797,1.008,0.9333333333333332,-0.06599999999999999,1333.3,-91.7833333333333,-0.14666666666666828,0.9719673288292829,SINTETICO_DEMO_NO_USAR_EN_ENTREGA_FINAL
2024,SANTANDER,SAN GIL,945.9,873.4,773.3,0.885,1185.4,22.7,0.945,0.797,0.9166666666666666,-0.02100000000000002,1185.4,-239.68333333333317,0.15333333333333243,0.9233534200232583,SINTETICO_DEMO_NO_USAR_EN_ENTREGA_FINAL
2020,NARIÑO,SANDONA,1143.3,1014.6,1255.3,1.237,1623.9,18.83,1.561,,1.561,,1623.9,162.4666666666667,-0.03500000000000014,0.8874311204408293,SINTETICO_DEMO_NO_USAR_EN_ENTREGA_FINAL
2021,NARIÑO,SANDONA,1224.4,1044.7,1309.0,1.253,1396.7,18.9,1.237,1.561,1.399,,1396.7,-64.73333333333335,0.03500000000000014,0.853234237177393,SINTETICO_DEMO_NO_USAR_EN_ENTREGA_FINAL
2022,NARIÑO,SANDONA,1196.4,1158.3,1420.8,1.227,1522.0,18.95,1.253,1.237,1.3503333333333334,-0.10266666666666668,1522.0,60.566666666666606,0.08500000000000085,0.9681544633901704,SINTETICO_DEMO_NO_USAR_EN_ENTREGA_FINAL
2023,NARIÑO,SANDONA,1227.1,1117.6,1256.6,1.124,1415.5,18.08,1.227,1.253,1.239,-0.003333333333333336,1415.5,-45.933333333333394,-0.7850000000000001,0.9107652188085731,SINTETICO_DEMO_NO_USAR_EN_ENTREGA_FINAL
2024,NARIÑO,SANDONA,1156.3,1037.8,1136.5,1.095,1390.0,19.71,1.124,1.227,1.2013333333333334,-0.04299999999999993,1390.0,-71.4333333333334,0.8450000000000024,0.8975179451699385,SINTETICO_DEMO_NO_USAR_EN_ENTREGA_FINAL
2020,RISARALDA,SANTA ROSA DE CABAL,852.5,802.0,762.0,0.95,2530.9,19.98,1.049,,1.049,,2530.9,89.1833333333334,-0.461666666666666,0.9407624633431085,SINTETICO_DEMO_NO_USAR_EN_ENTREGA_FINAL
2021,RISARALDA,SANTA ROSA DE CABAL,909.8,843.4,822.3,0.975,2368.3,21.33,0.95,1.049,0.9994999999999999,,2368.3,-73.41666666666652,0.8883333333333319,0.9270169267970982,SINTETICO_DEMO_NO_USAR_EN_ENTREGA_FINAL
2022,RISARALDA,SANTA ROSA DE CABAL,961.4,924.9,936.2,1.012,2592.6,19.33,0.975,0.95,0.9913333333333333,-0.024666666666666653,2592.6,150.8833333333332,-1.1116666666666681,0.9620345329727481,SINTETICO_DEMO_NO_USAR_EN_ENTREGA_FINAL
2023,RISARALDA,SANTA ROSA DE CABAL,940.2,826.8,868.4,1.05,2692.6,20.29,1.012,0.975,0.979,0.020666666666666684,2692.6,250.8833333333332,-0.15166666666666728,0.8793873643905551,SINTETICO_DEMO_NO_USAR_EN_ENTREGA_FINAL
2024,RISARALDA,SANTA ROSA DE CABAL,948.0,844.5,795.3,0.942,2300.2,20.88,1.05,1.012,1.0123333333333333,0.025000000000000022,2300.2,-141.51666666666688,0.4383333333333326,0.8908227848101266,SINTETICO_DEMO_NO_USAR_EN_ENTREGA_FINAL
2020,VALLE DEL CAUCA,SEVILLA,1081.8,940.1,965.4,1.027,2134.9,20.84,1.07,,1.07,,2134.9,69.9666666666667,-0.086666666666666,0.8690146052874839,SINTETICO_DEMO_NO_USAR_EN_ENTREGA_FINAL
2021,VALLE DEL CAUCA,SEVILLA,975.6,944.3,827.6,0.876,1998.6,20.91,1.027,1.07,1.0485,,1998.6,-66.33333333333348,-0.01666666666666572,0.9679171791717917,SINTETICO_DEMO_NO_USAR_EN_ENTREGA_FINAL
2022,VALLE DEL CAUCA,SEVILLA,1099.2,944.6,994.4,1.053,2209.1,21.05,0.876,1.027,0.991,-0.06466666666666669,2209.1,144.16666666666652,0.12333333333333485,0.8593522561863173,SINTETICO_DEMO_NO_USAR_EN_ENTREGA_FINAL
2023,VALLE DEL CAUCA,SEVILLA,1062.8,910.7,759.6,0.834,2110.4,20.03,1.053,0.876,0.9853333333333332,0.008666666666666675,2110.4,45.4666666666667,-0.8966666666666647,0.856887467068122,SINTETICO_DEMO_NO_USAR_EN_ENTREGA_FINAL
2024,VALLE DEL CAUCA,SEVILLA,997.4,881.5,806.0,0.914,2022.6,22.46,0.834,1.053,0.9209999999999999,-0.014000000000000012,2022.6,-42.333333333333485,1.533333333333335,0.8837978744736315,SINTETICO_DEMO_NO_USAR_EN_ENTREGA_FINAL
2020,SANTANDER,SOCORRO,399.3,363.9,266.2,0.731,1404.5,22.35,0.606,,0.606,,1404.5,-20.583333333333258,-0.19666666666666544,0.9113448534936137,SINTETICO_DEMO_NO_USAR_EN_ENTREGA_FINAL
2021,SANTANDER,SOCORRO,360.5,335.3,241.3,0.72,1238.5,22.12,0.731,0.606,0.6685,,1238.5,-186.58333333333326,-0.42666666666666586,0.9300970873786408,SINTETICO_DEMO_NO_USAR_EN_ENTREGA_FINAL
2022,SANTANDER,SOCORRO,426.0,416.1,256.7,0.617,1597.3,23.02,0.72,0.731,0.6856666666666666,0.038,1597.3,172.2166666666667,0.4733333333333327,0.9767605633802817,SINTETICO_DEMO_NO_USAR_EN_ENTREGA_FINAL
2023,SANTANDER,SOCORRO,404.3,365.3,282.4,0.773,1333.3,22.4,0.617,0.72,0.6893333333333334,-0.038,1333.3,-91.7833333333333,-0.14666666666666828,0.9035369774919614,SINTETICO_DEMO_NO_USAR_EN_ENTREGA_FINAL
2024,SANTANDER,SOCORRO,401.5,387.5,260.4,0.672,1185.4,22.7,0.773,0.617,0.7033333333333333,0.01766666666666668,1185.4,-239.68333333333317,0.15333333333333243,0.9651307596513076,SINTETICO_DEMO_NO_USAR_EN_ENTREGA_FINAL
2020,NARIÑO,TAMINANGO,706.3,665.7,534.4,0.803,1623.9,18.83,0.803,,0.803,,1623.9,162.4666666666667,-0.03500000000000014,0.9425173439048564,SINTETICO_DEMO_NO_USAR_EN_ENTREGA_FINAL
2021,NARIÑO,TAMINANGO,695.4,594.6,510.0,0.858,1396.7,18.9,0.803,0.803,0.803,,1396.7,-64.73333333333335,0.03500000000000014,0.8550474547023297,SINTETICO_DEMO_NO_USAR_EN_ENTREGA_FINAL
2022,NARIÑO,TAMINANGO,716.0,631.5,441.4,0.699,1522.0,18.95,0.858,0.803,0.8213333333333334,0.018333333333333313,1522.0,60.566666666666606,0.08500000000000085,0.8819832402234636,SINTETICO_DEMO_NO_USAR_EN_ENTREGA_FINAL
2023,NARIÑO,TAMINANGO,787.5,714.9,536.9,0.751,1415.5,18.08,0.699,0.858,0.7866666666666667,-0.0346666666666667,1415.5,-45.933333333333394,-0.7850000000000001,0.9078095238095237,SINTETICO_DEMO_NO_USAR_EN_ENTREGA_FINAL
2024,NARIÑO,TAMINANGO,794.4,700.3,537.1,0.767,1390.0,19.71,0.751,0.699,0.7693333333333333,-0.03566666666666666,1390.0,-71.4333333333334,0.8450000000000024,0.8815458207452165,SINTETICO_DEMO_NO_USAR_EN_ENTREGA_FINAL
2020,HUILA,TIMANA,757.1,663.6,452.2,0.681,1783.4,21.88,0.731,,0.731,,1783.4,146.75,0.4816666666666656,0.8765024435345397,SINTETICO_DEMO_NO_USAR_EN_ENTREGA_FINAL
2021,HUILA,TIMANA,777.4,713.3,617.2,0.865,1650.1,20.66,0.681,0.731,0.706,,1650.1,13.449999999999818,-0.7383333333333333,0.9175456650373038,SINTETICO_DEMO_NO_USAR_EN_ENTREGA_FINAL
2022,HUILA,TIMANA,806.8,768.1,605.2,0.788,1397.0,21.52,0.865,0.681,0.759,0.04466666666666667,1397.0,-239.6500000000001,0.12166666666666615,0.9520327218641548,SINTETICO_DEMO_NO_USAR_EN_ENTREGA_FINAL
2023,HUILA,TIMANA,810.1,698.0,452.4,0.648,1389.6,21.88,0.788,0.865,0.778,0.03566666666666666,1389.6,-247.05000000000018,0.4816666666666656,0.861622021972596,SINTETICO_DEMO_NO_USAR_EN_ENTREGA_FINAL
2024,HUILA,TIMANA,781.8,734.3,610.3,0.831,1821.3,20.78,0.648,0.788,0.767,-0.07233333333333332,1821.3,184.64999999999986,-0.6183333333333323,0.9392427730877462,SINTETICO_DEMO_NO_USAR_EN_ENTREGA_FINAL
2020,CAUCA,TIMBIO,378.9,369.2,309.3,0.838,1854.6,21.35,0.956,,0.956,,1854.6,92.7833333333333,1.3683333333333358,0.9743995777249934,SINTETICO_DEMO_NO_USAR_EN_ENTREGA_FINAL
2021,CAUCA,TIMBIO,413.4,398.7,330.1,0.828,1795.5,19.14,0.838,0.956,0.897,,1795.5,33.683333333333394,-0.841666666666665,0.9644412191582004,SINTETICO_DEMO_NO_USAR_EN_ENTREGA_FINAL
2022,CAUCA,TIMBIO,384.6,349.7,298.4,0.853,1633.5,19.95,0.828,0.838,0.874,-0.042666666666666665,1633.5,-128.3166666666666,-0.03166666666666629,0.9092563702548101,SINTETICO_DEMO_NO_USAR_EN_ENTREGA_FINAL
2023,CAUCA,TIMBIO,400.7,385.2,339.9,0.882,1988.7,20.6,0.853,0.828,0.8396666666666667,0.0050000000000000044,1988.7,226.88333333333344,0.6183333333333358,0.961317694035438,SINTETICO_DEMO_NO_USAR_EN_ENTREGA_FINAL
2024,CAUCA,TIMBIO,381.2,360.2,238.3,0.662,1661.8,19.38,0.882,0.853,0.8543333333333333,0.018000000000000016,1661.8,-100.01666666666665,-0.6016666666666666,0.9449108079748164,SINTETICO_DEMO_NO_USAR_EN_ENTREGA_FINAL
2020,VALLE DEL CAUCA,TRUJILLO,756.2,680.1,615.2,0.905,2134.9,20.84,1.016,,1.016,,2134.9,69.9666666666667,-0.086666666666666,0.899365247289077,SINTETICO_DEMO_NO_USAR_EN_ENTREGA_FINAL
2021,VALLE DEL CAUCA,TRUJILLO,693.9,613.5,588.5,0.959,1998.6,20.91,0.905,1.016,0.9605,,1998.6,-66.33333333333348,-0.01666666666666572,0.8841331603977519,SINTETICO_DEMO_NO_USAR_EN_ENTREGA_FINAL
2022,VALLE DEL CAUCA,TRUJILLO,737.9,653.6,668.6,1.023,2209.1,21.05,0.959,0.905,0.96,-0.019000000000000017,2209.1,144.16666666666652,0.12333333333333485,0.8857568776256945,SINTETICO_DEMO_NO_USAR_EN_ENTREGA_FINAL
2023,VALLE DEL CAUCA,TRUJILLO,722.7,679.5,681.7,1.003,2110.4,20.03,1.023,0.959,0.9623333333333334,0.0393333333333333,2110.4,45.4666666666667,-0.8966666666666647,0.9402241594022416,SINTETICO_DEMO_NO_USAR_EN_ENTREGA_FINAL
2024,VALLE DEL CAUCA,TRUJILLO,821.8,747.3,788.4,1.055,2022.6,22.46,1.003,1.023,0.995,0.014666666666666642,2022.6,-42.333333333333485,1.533333333333335,0.9093453394986615,SINTETICO_DEMO_NO_USAR_EN_ENTREGA_FINAL
2020,ANTIOQUIA,URRAO,639.6,591.9,598.8,1.012,2369.0,19.55,0.897,,0.897,,2369.0,284.3833333333332,-1.1166666666666671,0.9254221388367729,SINTETICO_DEMO_NO_USAR_EN_ENTREGA_FINAL
2021,ANTIOQUIA,URRAO,605.4,573.0,572.7,0.999,2196.6,20.71,1.012,0.897,0.9545,,2196.6,111.98333333333312,0.043333333333333,0.9464816650148662,SINTETICO_DEMO_NO_USAR_EN_ENTREGA_FINAL
2022,ANTIOQUIA,URRAO,675.4,591.7,509.8,0.862,2180.0,21.87,0.999,1.012,0.9693333333333333,0.033999999999999996,2180.0,95.38333333333321,1.2033333333333331,0.8760734379626889,SINTETICO_DEMO_NO_USAR_EN_ENTREGA_FINAL
2023,ANTIOQUIA,URRAO,663.3,620.8,587.0,0.946,2066.5,20.92,0.862,0.999,0.9576666666666668,-0.05000000000000001,2066.5,-18.116666666666788,0.25333333333333385,0.9359264284637419,SINTETICO_DEMO_NO_USAR_EN_ENTREGA_FINAL
2024,ANTIOQUIA,URRAO,628.2,541.5,478.8,0.884,1801.9,20.79,0.946,0.862,0.9356666666666666,-0.01766666666666668,1801.9,-282.7166666666667,0.1233333333333313,0.8619866284622731,SINTETICO_DEMO_NO_USAR_EN_ENTREGA_FINAL
